{"cameraMode":{"drawMode":0,"name":"Shaded","section":"Shading Mode"},"sceneLighting":true,"audioPlay":false,"sceneViewState":{"m_AlwaysRefresh":false,"showFog":false,"showSkybox":true,"showFlares":true,"showImageEffects":true,"showParticleSystems":true,"showVisualEffectGraphs":true,"m_FxEnabled":true},"in2DMode":false,"pivot":{"x":-0.08633697032928467,"y":0.028274595737457277,"z":0.0822928249835968},"rotation":{"x":0.5309639573097229,"y":0.4671090543270111,"z":-0.5300118327140808,"w":0.46794939041137698},"size":1.4302122592926026,"orthographic":true}