{"cameraMode":{"drawMode":0,"name":"Shaded","section":"Shading Mode"},"sceneLighting":true,"audioPlay":false,"sceneViewState":{"m_AlwaysRefresh":false,"showFog":true,"showSkybox":true,"showFlares":true,"showImageEffects":true,"showParticleSystems":true,"showVisualEffectGraphs":true,"m_FxEnabled":true},"in2DMode":false,"pivot":{"x":527.1270141601563,"y":288.1426086425781,"z":-40.22576904296875},"rotation":{"x":0.01100018247961998,"y":0.0019993765745311977,"z":-0.000016284340745187365,"w":0.9999594688415527},"size":302.0025634765625,"orthographic":false}